{"count":1,"self":67.2458176,"total":1159.9243752999998,"children":{"InitializeActuators":{"count":4,"self":0.0075682,"total":0.0075682,"children":null},"InitializeSensors":{"count":4,"self":0.0090628,"total":0.0090628,"children":null},"AgentSendState":{"count":31334,"self":7.715528,"total":12.208186999999999,"children":{"CollectObservations":{"count":25068,"self":0.65857959999999993,"total":0.65857959999999993,"children":null},"WriteActionMask":{"count":25068,"self":0.1935119,"total":0.1935119,"children":null},"RequestDecision":{"count":25068,"self":0.8403324,"total":3.6405675,"children":{"AgentInfo.ToProto":{"count":25068,"self":0.5710434,"total":2.8002351,"children":{"GenerateSensorData":{"count":25068,"self":1.6489840999999998,"total":2.2291917,"children":{"RayPerceptionSensor.Perceive":{"count":25068,"self":0.58020759999999993,"total":0.58020759999999993,"children":null}}}}}}}}},"DecideAction":{"count":31334,"self":1077.5159807999999,"total":1077.5160168,"children":null},"AgentAct":{"count":31334,"self":2.9200474,"total":2.9377211,"children":{"AgentInfo.ToProto":{"count":189,"self":0.0045563999999999995,"total":0.0176737,"children":{"GenerateSensorData":{"count":189,"self":0.0065901,"total":0.0131173,"children":{"RayPerceptionSensor.Perceive":{"count":189,"self":0.0065271999999999995,"total":0.0065271999999999995,"children":null}}}}}}}},"gauges":{"MazeAgent.CumulativeReward":{"count":189,"max":20.0279942,"min":-27.9454632,"runningAverage":4.909925,"value":10.025,"weightedAverage":8.251825}},"metadata":{"timer_format_version":"0.1.0","start_time_seconds":"1773066499","unity_version":"6000.0.60f1","command_line_arguments":"C:\\Program Files\\Unity\\Hub\\Editor\\6000.0.60f1\\Editor\\Unity.exe -projectpath C:\\Users\\pawel\\Desktop\\studia\\IIstopnia\\magisterka\\MGR_Project -useHub -hubIPC -cloudEnvironment production","communication_protocol_version":"1.5.0","com.unity.ml-agents_version":"4.0.2","scene_name":"LabyrinthScene","end_time_seconds":"1773067659"}}